"","participant","label2","Time","Type","textbox_comp.text"
"1","007629","Neutral","Post","artificial",2.66666666666667
"2","007629","Neutral","Post","real",4.33333333333333
"3","007629","Neutral","Pre","artificial",4.16666666666667
"4","007629","Neutral","Pre","real",3.5
"5","007629","None","Post","artificial",0
"6","007629","None","Post","real",1.5
"7","007629","None","Pre","artificial",3
"8","007629","None","Pre","real",3.66666666666667
"9","007629","Scam","Post","artificial",1.33333333333333
"10","007629","Scam","Post","real",0
"11","007629","Scam","Pre","artificial",3.16666666666667
"12","007629","Scam","Pre","real",4.16666666666667
"13","011780","Neutral","Post","artificial",2.83333333333333
"14","011780","Neutral","Post","real",3
"15","011780","Neutral","Pre","artificial",3
"16","011780","Neutral","Pre","real",4
"17","011780","None","Post","artificial",2.83333333333333
"18","011780","None","Post","real",3.66666666666667
"19","011780","None","Pre","artificial",3.5
"20","011780","None","Pre","real",3.83333333333333
"21","011780","Scam","Post","artificial",3.16666666666667
"22","011780","Scam","Post","real",2.83333333333333
"23","011780","Scam","Pre","artificial",4
"24","011780","Scam","Pre","real",3.5
"25","023395","Neutral","Post","artificial",5.5
"26","023395","Neutral","Post","real",4.33333333333333
"27","023395","Neutral","Pre","artificial",3.5
"28","023395","Neutral","Pre","real",4.66666666666667
"29","023395","None","Post","artificial",4.83333333333333
"30","023395","None","Post","real",5
"31","023395","None","Pre","artificial",3.33333333333333
"32","023395","None","Pre","real",7
"33","023395","Scam","Post","artificial",2.5
"34","023395","Scam","Post","real",1.33333333333333
"35","023395","Scam","Pre","artificial",2.5
"36","023395","Scam","Pre","real",4.83333333333333
"37","026079","Neutral","Post","artificial",4
"38","026079","Neutral","Post","real",6.5
"39","026079","Neutral","Pre","artificial",3.33333333333333
"40","026079","Neutral","Pre","real",6
"41","026079","None","Post","artificial",5.5
"42","026079","None","Post","real",5.8
"43","026079","None","Pre","artificial",6
"44","026079","None","Pre","real",5.5
"45","026079","Scam","Post","artificial",3
"46","026079","Scam","Post","real",5.66666666666667
"47","026079","Scam","Pre","artificial",4.5
"48","026079","Scam","Pre","real",5.16666666666667
"49","050143","Neutral","Post","artificial",6.83333333333333
"50","050143","Neutral","Post","real",6.33333333333333
"51","050143","Neutral","Pre","artificial",3
"52","050143","Neutral","Pre","real",2.5
"53","050143","None","Post","artificial",4.83333333333333
"54","050143","None","Post","real",7.5
"55","050143","None","Pre","artificial",2.5
"56","050143","None","Pre","real",5.66666666666667
"57","050143","Scam","Post","artificial",3.66666666666667
"58","050143","Scam","Post","real",3.33333333333333
"59","050143","Scam","Pre","artificial",3.16666666666667
"60","050143","Scam","Pre","real",4
"61","056351","Neutral","Post","artificial",2.16666666666667
"62","056351","Neutral","Post","real",3.83333333333333
"63","056351","Neutral","Pre","artificial",3.5
"64","056351","Neutral","Pre","real",3.5
"65","056351","None","Post","artificial",1.83333333333333
"66","056351","None","Post","real",3.83333333333333
"67","056351","None","Pre","artificial",3
"68","056351","None","Pre","real",3.83333333333333
"69","056351","Scam","Post","artificial",2.5
"70","056351","Scam","Post","real",3.83333333333333
"71","056351","Scam","Pre","artificial",2.83333333333333
"72","056351","Scam","Pre","real",3
"73","089411","Neutral","Post","artificial",5.33333333333333
"74","089411","Neutral","Post","real",4.16666666666667
"75","089411","Neutral","Pre","artificial",4.83333333333333
"76","089411","Neutral","Pre","real",4.66666666666667
"77","089411","None","Post","artificial",5.16666666666667
"78","089411","None","Post","real",4.16666666666667
"79","089411","None","Pre","artificial",6.66666666666667
"80","089411","None","Pre","real",6.33333333333333
"81","089411","Scam","Post","artificial",3.83333333333333
"82","089411","Scam","Post","real",3.33333333333333
"83","089411","Scam","Pre","artificial",5.16666666666667
"84","089411","Scam","Pre","real",7
"85","104690","Neutral","Post","artificial",4.5
"86","104690","Neutral","Post","real",8
"87","104690","Neutral","Pre","artificial",4.83333333333333
"88","104690","Neutral","Pre","real",5.83333333333333
"89","104690","None","Post","artificial",3.16666666666667
"90","104690","None","Post","real",7.66666666666667
"91","104690","None","Pre","artificial",4.16666666666667
"92","104690","None","Pre","real",7.33333333333333
"93","104690","Scam","Post","artificial",3.16666666666667
"94","104690","Scam","Post","real",4
"95","104690","Scam","Pre","artificial",5.16666666666667
"96","104690","Scam","Pre","real",6.33333333333333
"97","123371","Neutral","Post","artificial",3.33333333333333
"98","123371","Neutral","Post","real",4.5
"99","123371","Neutral","Pre","artificial",4.66666666666667
"100","123371","Neutral","Pre","real",5.16666666666667
"101","123371","None","Post","artificial",5
"102","123371","None","Post","real",4.5
"103","123371","None","Pre","artificial",5
"104","123371","None","Pre","real",6.33333333333333
"105","123371","Scam","Post","artificial",3.66666666666667
"106","123371","Scam","Post","real",5.33333333333333
"107","123371","Scam","Pre","artificial",3
"108","123371","Scam","Pre","real",6.66666666666667
"109","129698","Neutral","Post","artificial",3.66666666666667
"110","129698","Neutral","Post","real",7.5
"111","129698","Neutral","Pre","artificial",2.16666666666667
"112","129698","Neutral","Pre","real",5.33333333333333
"113","129698","None","Post","artificial",5.66666666666667
"114","129698","None","Post","real",6.66666666666667
"115","129698","None","Pre","artificial",3.83333333333333
"116","129698","None","Pre","real",6.5
"117","129698","Scam","Post","artificial",4.16666666666667
"118","129698","Scam","Post","real",3.83333333333333
"119","129698","Scam","Pre","artificial",3.66666666666667
"120","129698","Scam","Pre","real",7.33333333333333
"121","142275","Neutral","Post","artificial",5.66666666666667
"122","142275","Neutral","Post","real",6.66666666666667
"123","142275","Neutral","Pre","artificial",6.16666666666667
"124","142275","Neutral","Pre","real",5.16666666666667
"125","142275","None","Post","artificial",5.5
"126","142275","None","Post","real",6.33333333333333
"127","142275","None","Pre","artificial",5.33333333333333
"128","142275","None","Pre","real",6.66666666666667
"129","142275","Scam","Post","artificial",5
"130","142275","Scam","Post","real",3.5
"131","142275","Scam","Pre","artificial",4.5
"132","142275","Scam","Pre","real",5
"133","143839","Neutral","Post","artificial",5
"134","143839","Neutral","Post","real",4.83333333333333
"135","143839","Neutral","Pre","artificial",5.66666666666667
"136","143839","Neutral","Pre","real",5.66666666666667
"137","143839","None","Post","artificial",4.66666666666667
"138","143839","None","Post","real",3
"139","143839","None","Pre","artificial",6.5
"140","143839","None","Pre","real",4.83333333333333
"141","143839","Scam","Post","artificial",3.8
"142","143839","Scam","Post","real",2.5
"143","143839","Scam","Pre","artificial",5.16666666666667
"144","143839","Scam","Pre","real",6.83333333333333
"145","152441","Neutral","Post","artificial",3.5
"146","152441","Neutral","Post","real",7.66666666666667
"147","152441","Neutral","Pre","artificial",5.83333333333333
"148","152441","Neutral","Pre","real",6.33333333333333
"149","152441","None","Post","artificial",6.33333333333333
"150","152441","None","Post","real",6.5
"151","152441","None","Pre","artificial",6.16666666666667
"152","152441","None","Pre","real",6.66666666666667
"153","152441","Scam","Post","artificial",3.5
"154","152441","Scam","Post","real",3
"155","152441","Scam","Pre","artificial",5.5
"156","152441","Scam","Pre","real",7
"157","164281","Neutral","Post","artificial",2.33333333333333
"158","164281","Neutral","Post","real",9.33333333333333
"159","164281","Neutral","Pre","artificial",2.16666666666667
"160","164281","Neutral","Pre","real",5.66666666666667
"161","164281","None","Post","artificial",3
"162","164281","None","Post","real",6.33333333333333
"163","164281","None","Pre","artificial",2.83333333333333
"164","164281","None","Pre","real",5.16666666666667
"165","164281","Scam","Post","artificial",3.66666666666667
"166","164281","Scam","Post","real",2.66666666666667
"167","164281","Scam","Pre","artificial",3.16666666666667
"168","164281","Scam","Pre","real",4.83333333333333
"169","184369","Neutral","Post","artificial",3.5
"170","184369","Neutral","Post","real",6
"171","184369","Neutral","Pre","artificial",4.33333333333333
"172","184369","Neutral","Pre","real",6
"173","184369","None","Post","artificial",4.5
"174","184369","None","Post","real",4.16666666666667
"175","184369","None","Pre","artificial",6.33333333333333
"176","184369","None","Pre","real",4.83333333333333
"177","184369","Scam","Post","artificial",3.5
"178","184369","Scam","Post","real",4.83333333333333
"179","184369","Scam","Pre","artificial",3.66666666666667
"180","184369","Scam","Pre","real",4
"181","185163","Neutral","Post","artificial",4.66666666666667
"182","185163","Neutral","Post","real",5.83333333333333
"183","185163","Neutral","Pre","artificial",7
"184","185163","Neutral","Pre","real",6.83333333333333
"185","185163","None","Post","artificial",4.5
"186","185163","None","Post","real",6.83333333333333
"187","185163","None","Pre","artificial",6.33333333333333
"188","185163","None","Pre","real",7.5
"189","185163","Scam","Post","artificial",3.83333333333333
"190","185163","Scam","Post","real",5.83333333333333
"191","185163","Scam","Pre","artificial",4.66666666666667
"192","185163","Scam","Pre","real",6.5
"193","204436","Neutral","Post","artificial",4.83333333333333
"194","204436","Neutral","Post","real",7
"195","204436","Neutral","Pre","artificial",4.66666666666667
"196","204436","Neutral","Pre","real",5.66666666666667
"197","204436","None","Post","artificial",6
"198","204436","None","Post","real",6.5
"199","204436","None","Pre","artificial",5.66666666666667
"200","204436","None","Pre","real",7
"201","204436","Scam","Post","artificial",4.83333333333333
"202","204436","Scam","Post","real",7.66666666666667
"203","204436","Scam","Pre","artificial",5.5
"204","204436","Scam","Pre","real",5.83333333333333
"205","217095","Neutral","Post","artificial",2.66666666666667
"206","217095","Neutral","Post","real",7.16666666666667
"207","217095","Neutral","Pre","artificial",5.16666666666667
"208","217095","Neutral","Pre","real",7
"209","217095","None","Post","artificial",4.16666666666667
"210","217095","None","Post","real",6.66666666666667
"211","217095","None","Pre","artificial",5.33333333333333
"212","217095","None","Pre","real",6.16666666666667
"213","217095","Scam","Post","artificial",4
"214","217095","Scam","Post","real",6.16666666666667
"215","217095","Scam","Pre","artificial",5.33333333333333
"216","217095","Scam","Pre","real",6.66666666666667
"217","232451","Neutral","Post","artificial",4
"218","232451","Neutral","Post","real",5.33333333333333
"219","232451","Neutral","Pre","artificial",3.66666666666667
"220","232451","Neutral","Pre","real",5.33333333333333
"221","232451","None","Post","artificial",5.5
"222","232451","None","Post","real",6.16666666666667
"223","232451","None","Pre","artificial",4.83333333333333
"224","232451","None","Pre","real",6.33333333333333
"225","232451","Scam","Post","artificial",4.5
"226","232451","Scam","Post","real",5.66666666666667
"227","232451","Scam","Pre","artificial",3.83333333333333
"228","232451","Scam","Pre","real",6.16666666666667
"229","234755","Neutral","Post","artificial",3
"230","234755","Neutral","Post","real",2.83333333333333
"231","234755","Neutral","Pre","artificial",0.666666666666667
"232","234755","Neutral","Pre","real",2.83333333333333
"233","234755","None","Post","artificial",1.33333333333333
"234","234755","None","Post","real",1.66666666666667
"235","234755","None","Pre","artificial",1
"236","234755","None","Pre","real",3
"237","234755","Scam","Post","artificial",1.66666666666667
"238","234755","Scam","Post","real",1.16666666666667
"239","234755","Scam","Pre","artificial",2.5
"240","234755","Scam","Pre","real",0.833333333333333
"241","264972","Neutral","Post","artificial",2.66666666666667
"242","264972","Neutral","Post","real",3
"243","264972","Neutral","Pre","artificial",1.5
"244","264972","Neutral","Pre","real",4
"245","264972","None","Post","artificial",3
"246","264972","None","Post","real",4
"247","264972","None","Pre","artificial",2.33333333333333
"248","264972","None","Pre","real",5.66666666666667
"249","264972","Scam","Post","artificial",2
"250","264972","Scam","Post","real",1.5
"251","264972","Scam","Pre","artificial",2.83333333333333
"252","264972","Scam","Pre","real",4.66666666666667
"253","271667","Neutral","Post","artificial",4
"254","271667","Neutral","Post","real",7
"255","271667","Neutral","Pre","artificial",5
"256","271667","Neutral","Pre","real",6.66666666666667
"257","271667","None","Post","artificial",6.5
"258","271667","None","Post","real",7.33333333333333
"259","271667","None","Pre","artificial",4.33333333333333
"260","271667","None","Pre","real",7.83333333333333
"261","271667","Scam","Post","artificial",6
"262","271667","Scam","Post","real",6.16666666666667
"263","271667","Scam","Pre","artificial",3.5
"264","271667","Scam","Pre","real",6.83333333333333
"265","277518","Neutral","Post","artificial",5.83333333333333
"266","277518","Neutral","Post","real",4.83333333333333
"267","277518","Neutral","Pre","artificial",6.66666666666667
"268","277518","Neutral","Pre","real",6.66666666666667
"269","277518","None","Post","artificial",6
"270","277518","None","Post","real",6.16666666666667
"271","277518","None","Pre","artificial",6.16666666666667
"272","277518","None","Pre","real",7.16666666666667
"273","277518","Scam","Post","artificial",5.83333333333333
"274","277518","Scam","Post","real",5.5
"275","277518","Scam","Pre","artificial",6.83333333333333
"276","277518","Scam","Pre","real",7.66666666666667
"277","282486","Neutral","Post","artificial",2.6
"278","282486","Neutral","Post","real",2.16666666666667
"279","282486","Neutral","Pre","artificial",1.6
"280","282486","Neutral","Pre","real",4.5
"281","282486","None","Post","artificial",2.66666666666667
"282","282486","None","Post","real",3
"283","282486","None","Pre","artificial",2.5
"284","282486","None","Pre","real",5.16666666666667
"285","282486","Scam","Post","artificial",1.66666666666667
"286","282486","Scam","Post","real",2.16666666666667
"287","282486","Scam","Pre","artificial",1.66666666666667
"288","282486","Scam","Pre","real",4.5
"289","287721","Neutral","Post","artificial",3.83333333333333
"290","287721","Neutral","Post","real",5.5
"291","287721","Neutral","Pre","artificial",4.33333333333333
"292","287721","Neutral","Pre","real",6.33333333333333
"293","287721","None","Post","artificial",5
"294","287721","None","Post","real",5.33333333333333
"295","287721","None","Pre","artificial",5.66666666666667
"296","287721","None","Pre","real",5.5
"297","287721","Scam","Post","artificial",4.33333333333333
"298","287721","Scam","Post","real",4.5
"299","287721","Scam","Pre","artificial",5.66666666666667
"300","287721","Scam","Pre","real",5
"301","305753","Neutral","Post","artificial",7.66666666666667
"302","305753","Neutral","Post","real",6.5
"303","305753","Neutral","Pre","artificial",4
"304","305753","Neutral","Pre","real",5.66666666666667
"305","305753","None","Post","artificial",7
"306","305753","None","Post","real",3.83333333333333
"307","305753","None","Pre","artificial",5.83333333333333
"308","305753","None","Pre","real",3.33333333333333
"309","305753","Scam","Post","artificial",4.66666666666667
"310","305753","Scam","Post","real",2.33333333333333
"311","305753","Scam","Pre","artificial",4.5
"312","305753","Scam","Pre","real",7
"313","337202","Neutral","Post","artificial",4
"314","337202","Neutral","Post","real",4.33333333333333
"315","337202","Neutral","Pre","artificial",4.83333333333333
"316","337202","Neutral","Pre","real",4.5
"317","337202","None","Post","artificial",4.6
"318","337202","None","Post","real",4.5
"319","337202","None","Pre","artificial",4.83333333333333
"320","337202","None","Pre","real",5.33333333333333
"321","337202","Scam","Post","artificial",4.33333333333333
"322","337202","Scam","Post","real",3.66666666666667
"323","337202","Scam","Pre","artificial",4.8
"324","337202","Scam","Pre","real",4.5
"325","369609","Neutral","Post","artificial",5.33333333333333
"326","369609","Neutral","Post","real",6.33333333333333
"327","369609","Neutral","Pre","artificial",4.33333333333333
"328","369609","Neutral","Pre","real",5.5
"329","369609","None","Post","artificial",4.16666666666667
"330","369609","None","Post","real",5.83333333333333
"331","369609","None","Pre","artificial",3.33333333333333
"332","369609","None","Pre","real",5.5
"333","369609","Scam","Post","artificial",5.16666666666667
"334","369609","Scam","Post","real",5.66666666666667
"335","369609","Scam","Pre","artificial",3.5
"336","369609","Scam","Pre","real",4.5
"337","387610","Neutral","Post","artificial",4
"338","387610","Neutral","Post","real",4.6
"339","387610","Neutral","Pre","artificial",4
"340","387610","Neutral","Pre","real",6.33333333333333
"341","387610","None","Post","artificial",4.16666666666667
"342","387610","None","Post","real",5.2
"343","387610","None","Pre","artificial",4.16666666666667
"344","387610","None","Pre","real",5
"345","387610","Scam","Post","artificial",2.66666666666667
"346","387610","Scam","Post","real",5.33333333333333
"347","387610","Scam","Pre","artificial",3.33333333333333
"348","387610","Scam","Pre","real",4.33333333333333
"349","391653","Neutral","Post","artificial",4.66666666666667
"350","391653","Neutral","Post","real",6.16666666666667
"351","391653","Neutral","Pre","artificial",5.33333333333333
"352","391653","Neutral","Pre","real",6.16666666666667
"353","391653","None","Post","artificial",5.33333333333333
"354","391653","None","Post","real",6.16666666666667
"355","391653","None","Pre","artificial",6.66666666666667
"356","391653","None","Pre","real",6.33333333333333
"357","391653","Scam","Post","artificial",4.33333333333333
"358","391653","Scam","Post","real",4.66666666666667
"359","391653","Scam","Pre","artificial",4.83333333333333
"360","391653","Scam","Pre","real",5.33333333333333
"361","398010","Neutral","Post","artificial",0.166666666666667
"362","398010","Neutral","Post","real",4.16666666666667
"363","398010","Neutral","Pre","artificial",0.5
"364","398010","Neutral","Pre","real",3
"365","398010","None","Post","artificial",0
"366","398010","None","Post","real",2.5
"367","398010","None","Pre","artificial",1.5
"368","398010","None","Pre","real",2
"369","398010","Scam","Post","artificial",0.166666666666667
"370","398010","Scam","Post","real",4.16666666666667
"371","398010","Scam","Pre","artificial",0
"372","398010","Scam","Pre","real",3.16666666666667
"373","411563","Neutral","Post","artificial",6.5
"374","411563","Neutral","Post","real",5.66666666666667
"375","411563","Neutral","Pre","artificial",5.16666666666667
"376","411563","Neutral","Pre","real",6.16666666666667
"377","411563","None","Post","artificial",6.16666666666667
"378","411563","None","Post","real",6
"379","411563","None","Pre","artificial",6
"380","411563","None","Pre","real",6.33333333333333
"381","411563","Scam","Post","artificial",5.33333333333333
"382","411563","Scam","Post","real",4
"383","411563","Scam","Pre","artificial",4.83333333333333
"384","411563","Scam","Pre","real",5.66666666666667
"385","419102","Neutral","Post","artificial",3.33333333333333
"386","419102","Neutral","Post","real",4.33333333333333
"387","419102","Neutral","Pre","artificial",4
"388","419102","Neutral","Pre","real",5.5
"389","419102","None","Post","artificial",4.16666666666667
"390","419102","None","Post","real",3.66666666666667
"391","419102","None","Pre","artificial",4.91666666666667
"392","419102","None","Pre","real",4.83333333333333
"393","419102","Scam","Post","artificial",3.66666666666667
"394","419102","Scam","Post","real",2.83333333333333
"395","419102","Scam","Pre","artificial",4
"396","419102","Scam","Pre","real",5.33333333333333
"397","419409","Neutral","Post","artificial",0.166666666666667
"398","419409","Neutral","Post","real",6.16666666666667
"399","419409","Neutral","Pre","artificial",1
"400","419409","Neutral","Pre","real",3.66666666666667
"401","419409","None","Post","artificial",0.666666666666667
"402","419409","None","Post","real",7.5
"403","419409","None","Pre","artificial",0.833333333333333
"404","419409","None","Pre","real",3.83333333333333
"405","419409","Scam","Post","artificial",1.33333333333333
"406","419409","Scam","Post","real",5.66666666666667
"407","419409","Scam","Pre","artificial",2.5
"408","419409","Scam","Pre","real",4.66666666666667
"409","422657","Neutral","Post","artificial",4
"410","422657","Neutral","Post","real",5
"411","422657","Neutral","Pre","artificial",3.5
"412","422657","Neutral","Pre","real",5.33333333333333
"413","422657","None","Post","artificial",4.66666666666667
"414","422657","None","Post","real",6
"415","422657","None","Pre","artificial",5.16666666666667
"416","422657","None","Pre","real",5.16666666666667
"417","422657","Scam","Post","artificial",1.83333333333333
"418","422657","Scam","Post","real",2.16666666666667
"419","422657","Scam","Pre","artificial",5.16666666666667
"420","422657","Scam","Pre","real",4.5
"421","432319","Neutral","Post","artificial",4.16666666666667
"422","432319","Neutral","Post","real",4.16666666666667
"423","432319","Neutral","Pre","artificial",2.5
"424","432319","Neutral","Pre","real",5
"425","432319","None","Post","artificial",5
"426","432319","None","Post","real",5.83333333333333
"427","432319","None","Pre","artificial",4
"428","432319","None","Pre","real",4
"429","432319","Scam","Post","artificial",3.33333333333333
"430","432319","Scam","Post","real",6.16666666666667
"431","432319","Scam","Pre","artificial",3
"432","432319","Scam","Pre","real",5.16666666666667
"433","439164","Neutral","Post","artificial",3.83333333333333
"434","439164","Neutral","Post","real",5.16666666666667
"435","439164","Neutral","Pre","artificial",4.16666666666667
"436","439164","Neutral","Pre","real",4.83333333333333
"437","439164","None","Post","artificial",5.66666666666667
"438","439164","None","Post","real",5.83333333333333
"439","439164","None","Pre","artificial",4.83333333333333
"440","439164","None","Pre","real",6
"441","439164","Scam","Post","artificial",4
"442","439164","Scam","Post","real",5
"443","439164","Scam","Pre","artificial",4.33333333333333
"444","439164","Scam","Pre","real",5.83333333333333
"445","449778","Neutral","Post","artificial",6.16666666666667
"446","449778","Neutral","Post","real",7.16666666666667
"447","449778","Neutral","Pre","artificial",5.5
"448","449778","Neutral","Pre","real",5.83333333333333
"449","449778","None","Post","artificial",6.33333333333333
"450","449778","None","Post","real",6.33333333333333
"451","449778","None","Pre","artificial",6
"452","449778","None","Pre","real",5.16666666666667
"453","449778","Scam","Post","artificial",7
"454","449778","Scam","Post","real",7.5
"455","449778","Scam","Pre","artificial",4
"456","449778","Scam","Pre","real",6.66666666666667
"457","450404","Neutral","Post","artificial",1.83333333333333
"458","450404","Neutral","Post","real",2.83333333333333
"459","450404","Neutral","Pre","artificial",1.16666666666667
"460","450404","Neutral","Pre","real",4.83333333333333
"461","450404","None","Post","artificial",0.666666666666667
"462","450404","None","Post","real",4
"463","450404","None","Pre","artificial",0
"464","450404","None","Pre","real",4.16666666666667
"465","450404","Scam","Post","artificial",1
"466","450404","Scam","Post","real",5.16666666666667
"467","450404","Scam","Pre","artificial",0.333333333333333
"468","450404","Scam","Pre","real",3.66666666666667
"469","452251","Neutral","Post","artificial",6
"470","452251","Neutral","Post","real",6.16666666666667
"471","452251","Neutral","Pre","artificial",5.83333333333333
"472","452251","Neutral","Pre","real",5.83333333333333
"473","452251","None","Post","artificial",5.83333333333333
"474","452251","None","Post","real",5.66666666666667
"475","452251","None","Pre","artificial",6.16666666666667
"476","452251","None","Pre","real",5.83333333333333
"477","452251","Scam","Post","artificial",3.33333333333333
"478","452251","Scam","Post","real",4.66666666666667
"479","452251","Scam","Pre","artificial",7
"480","452251","Scam","Pre","real",6.33333333333333
"481","464935","Neutral","Post","artificial",4.83333333333333
"482","464935","Neutral","Post","real",6
"483","464935","Neutral","Pre","artificial",5
"484","464935","Neutral","Pre","real",5.5
"485","464935","None","Post","artificial",4.16666666666667
"486","464935","None","Post","real",4.5
"487","464935","None","Pre","artificial",5.5
"488","464935","None","Pre","real",5.5
"489","464935","Scam","Post","artificial",4.5
"490","464935","Scam","Post","real",4
"491","464935","Scam","Pre","artificial",5.83333333333333
"492","464935","Scam","Pre","real",4.83333333333333
"493","466599","Neutral","Post","artificial",6
"494","466599","Neutral","Post","real",4.83333333333333
"495","466599","Neutral","Pre","artificial",5.5
"496","466599","Neutral","Pre","real",5.66666666666667
"497","466599","None","Post","artificial",5.33333333333333
"498","466599","None","Post","real",6
"499","466599","None","Pre","artificial",5.66666666666667
"500","466599","None","Pre","real",5.16666666666667
"501","466599","Scam","Post","artificial",5
"502","466599","Scam","Post","real",5.33333333333333
"503","466599","Scam","Pre","artificial",5.33333333333333
"504","466599","Scam","Pre","real",5.5
"505","473890","Neutral","Post","artificial",5.5
"506","473890","Neutral","Post","real",5.66666666666667
"507","473890","Neutral","Pre","artificial",3.33333333333333
"508","473890","Neutral","Pre","real",5.66666666666667
"509","473890","None","Post","artificial",2.83333333333333
"510","473890","None","Post","real",6
"511","473890","None","Pre","artificial",2.33333333333333
"512","473890","None","Pre","real",7
"513","473890","Scam","Post","artificial",2.83333333333333
"514","473890","Scam","Post","real",5
"515","473890","Scam","Pre","artificial",4
"516","473890","Scam","Pre","real",5.66666666666667
"517","475074","Neutral","Post","artificial",0
"518","475074","Neutral","Post","real",5
"519","475074","Neutral","Pre","artificial",1.33333333333333
"520","475074","Neutral","Pre","real",4
"521","475074","None","Post","artificial",0
"522","475074","None","Post","real",6.66666666666667
"523","475074","None","Pre","artificial",1.66666666666667
"524","475074","None","Pre","real",5.83333333333333
"525","475074","Scam","Post","artificial",0
"526","475074","Scam","Post","real",3.5
"527","475074","Scam","Pre","artificial",0
"528","475074","Scam","Pre","real",3
"529","478150","Neutral","Post","artificial",0
"530","478150","Neutral","Post","real",6.83333333333333
"531","478150","Neutral","Pre","artificial",1.33333333333333
"532","478150","Neutral","Pre","real",5
"533","478150","None","Post","artificial",0
"534","478150","None","Post","real",7
"535","478150","None","Pre","artificial",0.333333333333333
"536","478150","None","Pre","real",7
"537","478150","Scam","Post","artificial",0
"538","478150","Scam","Post","real",6.16666666666667
"539","478150","Scam","Pre","artificial",0
"540","478150","Scam","Pre","real",4.66666666666667
"541","478757","Neutral","Post","artificial",2
"542","478757","Neutral","Post","real",3.83333333333333
"543","478757","Neutral","Pre","artificial",2
"544","478757","Neutral","Pre","real",4.66666666666667
"545","478757","None","Post","artificial",1.16666666666667
"546","478757","None","Post","real",4
"547","478757","None","Pre","artificial",1.16666666666667
"548","478757","None","Pre","real",5.33333333333333
"549","478757","Scam","Post","artificial",1.66666666666667
"550","478757","Scam","Post","real",3.83333333333333
"551","478757","Scam","Pre","artificial",1
"552","478757","Scam","Pre","real",4
"553","482395","Neutral","Post","artificial",2
"554","482395","Neutral","Post","real",5.5
"555","482395","Neutral","Pre","artificial",4.83333333333333
"556","482395","Neutral","Pre","real",6.33333333333333
"557","482395","None","Post","artificial",2.33333333333333
"558","482395","None","Post","real",5
"559","482395","None","Pre","artificial",4.66666666666667
"560","482395","None","Pre","real",5.83333333333333
"561","482395","Scam","Post","artificial",1.83333333333333
"562","482395","Scam","Post","real",3.66666666666667
"563","482395","Scam","Pre","artificial",5
"564","482395","Scam","Pre","real",6.16666666666667
"565","484966","Neutral","Post","artificial",2
"566","484966","Neutral","Post","real",4.5
"567","484966","Neutral","Pre","artificial",2.33333333333333
"568","484966","Neutral","Pre","real",4.66666666666667
"569","484966","None","Post","artificial",3
"570","484966","None","Post","real",5.66666666666667
"571","484966","None","Pre","artificial",4.83333333333333
"572","484966","None","Pre","real",6
"573","484966","Scam","Post","artificial",2
"574","484966","Scam","Post","real",4.83333333333333
"575","484966","Scam","Pre","artificial",3.33333333333333
"576","484966","Scam","Pre","real",7
"577","485618","Neutral","Post","artificial",5
"578","485618","Neutral","Post","real",9.33333333333333
"579","485618","Neutral","Pre","artificial",4
"580","485618","Neutral","Pre","real",7.33333333333333
"581","485618","None","Post","artificial",3.66666666666667
"582","485618","None","Post","real",4.5
"583","485618","None","Pre","artificial",3
"584","485618","None","Pre","real",7
"585","485618","Scam","Post","artificial",2.66666666666667
"586","485618","Scam","Post","real",1.33333333333333
"587","485618","Scam","Pre","artificial",2.83333333333333
"588","485618","Scam","Pre","real",7.5
"589","487325","Neutral","Post","artificial",5.33333333333333
"590","487325","Neutral","Post","real",6.83333333333333
"591","487325","Neutral","Pre","artificial",4.83333333333333
"592","487325","Neutral","Pre","real",4.33333333333333
"593","487325","None","Post","artificial",4.5
"594","487325","None","Post","real",5.33333333333333
"595","487325","None","Pre","artificial",4.16666666666667
"596","487325","None","Pre","real",5.33333333333333
"597","487325","Scam","Post","artificial",4
"598","487325","Scam","Post","real",3.16666666666667
"599","487325","Scam","Pre","artificial",5.83333333333333
"600","487325","Scam","Pre","real",4.66666666666667
"601","502058","Neutral","Post","artificial",6.83333333333333
"602","502058","Neutral","Post","real",6.16666666666667
"603","502058","Neutral","Pre","artificial",5.83333333333333
"604","502058","Neutral","Pre","real",5.16666666666667
"605","502058","None","Post","artificial",6.33333333333333
"606","502058","None","Post","real",6
"607","502058","None","Pre","artificial",6.5
"608","502058","None","Pre","real",5.5
"609","502058","Scam","Post","artificial",6.16666666666667
"610","502058","Scam","Post","real",6.16666666666667
"611","502058","Scam","Pre","artificial",5
"612","502058","Scam","Pre","real",4.83333333333333
"613","511","Neutral","Post","artificial",4.83333333333333
"614","511","Neutral","Post","real",4.66666666666667
"615","511","Neutral","Pre","artificial",6.33333333333333
"616","511","Neutral","Pre","real",3.33333333333333
"617","511","None","Post","artificial",4.4
"618","511","None","Post","real",5.66666666666667
"619","511","None","Pre","artificial",5.16666666666667
"620","511","None","Pre","real",3.66666666666667
"621","511","Scam","Post","artificial",3.83333333333333
"622","511","Scam","Post","real",5.8
"623","511","Scam","Pre","artificial",4.83333333333333
"624","511","Scam","Pre","real",4.16666666666667
"625","519824","Neutral","Post","artificial",3.5
"626","519824","Neutral","Post","real",3.33333333333333
"627","519824","Neutral","Pre","artificial",5.16666666666667
"628","519824","Neutral","Pre","real",4
"629","519824","None","Post","artificial",4.5
"630","519824","None","Post","real",7.16666666666667
"631","519824","None","Pre","artificial",4.66666666666667
"632","519824","None","Pre","real",5.5
"633","519824","Scam","Post","artificial",1.83333333333333
"634","519824","Scam","Post","real",4.16666666666667
"635","519824","Scam","Pre","artificial",3.16666666666667
"636","519824","Scam","Pre","real",5.16666666666667
"637","527939","Neutral","Post","artificial",5.16666666666667
"638","527939","Neutral","Post","real",6
"639","527939","Neutral","Pre","artificial",5.33333333333333
"640","527939","Neutral","Pre","real",5.83333333333333
"641","527939","None","Post","artificial",6
"642","527939","None","Post","real",5.83333333333333
"643","527939","None","Pre","artificial",6.16666666666667
"644","527939","None","Pre","real",6.66666666666667
"645","527939","Scam","Post","artificial",6
"646","527939","Scam","Post","real",4
"647","527939","Scam","Pre","artificial",6.33333333333333
"648","527939","Scam","Pre","real",4.16666666666667
"649","545017","Neutral","Post","artificial",5.16666666666667
"650","545017","Neutral","Post","real",7.83333333333333
"651","545017","Neutral","Pre","artificial",3
"652","545017","Neutral","Pre","real",4.16666666666667
"653","545017","None","Post","artificial",4.33333333333333
"654","545017","None","Post","real",5.5
"655","545017","None","Pre","artificial",4.33333333333333
"656","545017","None","Pre","real",5.5
"657","545017","Scam","Post","artificial",4.33333333333333
"658","545017","Scam","Post","real",4.66666666666667
"659","545017","Scam","Pre","artificial",3.16666666666667
"660","545017","Scam","Pre","real",4.66666666666667
"661","559091","Neutral","Post","artificial",2.5
"662","559091","Neutral","Post","real",5.5
"663","559091","Neutral","Pre","artificial",3
"664","559091","Neutral","Pre","real",4
"665","559091","None","Post","artificial",2.33333333333333
"666","559091","None","Post","real",5.5
"667","559091","None","Pre","artificial",2.83333333333333
"668","559091","None","Pre","real",5.33333333333333
"669","559091","Scam","Post","artificial",2.16666666666667
"670","559091","Scam","Post","real",5.5
"671","559091","Scam","Pre","artificial",2.5
"672","559091","Scam","Pre","real",4.5
"673","575041","Neutral","Post","artificial",3
"674","575041","Neutral","Post","real",3.5
"675","575041","Neutral","Pre","artificial",3.83333333333333
"676","575041","Neutral","Pre","real",4.5
"677","575041","None","Post","artificial",3.16666666666667
"678","575041","None","Post","real",3.5
"679","575041","None","Pre","artificial",4
"680","575041","None","Pre","real",4.16666666666667
"681","575041","Scam","Post","artificial",2.66666666666667
"682","575041","Scam","Post","real",1.33333333333333
"683","575041","Scam","Pre","artificial",3
"684","575041","Scam","Pre","real",3.83333333333333
"685","578449","Neutral","Post","artificial",7.83333333333333
"686","578449","Neutral","Post","real",5.16666666666667
"687","578449","Neutral","Pre","artificial",4.66666666666667
"688","578449","Neutral","Pre","real",4.5
"689","578449","None","Post","artificial",6
"690","578449","None","Post","real",6.83333333333333
"691","578449","None","Pre","artificial",4.83333333333333
"692","578449","None","Pre","real",6.33333333333333
"693","578449","Scam","Post","artificial",4.83333333333333
"694","578449","Scam","Post","real",3.33333333333333
"695","578449","Scam","Pre","artificial",4.83333333333333
"696","578449","Scam","Pre","real",5.16666666666667
"697","589213","Neutral","Post","artificial",5
"698","589213","Neutral","Post","real",4.83333333333333
"699","589213","Neutral","Pre","artificial",5.33333333333333
"700","589213","Neutral","Pre","real",5.5
"701","589213","None","Post","artificial",4.83333333333333
"702","589213","None","Post","real",6.16666666666667
"703","589213","None","Pre","artificial",5.33333333333333
"704","589213","None","Pre","real",7
"705","589213","Scam","Post","artificial",5
"706","589213","Scam","Post","real",4.66666666666667
"707","589213","Scam","Pre","artificial",5.33333333333333
"708","589213","Scam","Pre","real",5.5
"709","593259","Neutral","Post","artificial",1.83333333333333
"710","593259","Neutral","Post","real",6
"711","593259","Neutral","Pre","artificial",3.5
"712","593259","Neutral","Pre","real",4.16666666666667
"713","593259","None","Post","artificial",1.83333333333333
"714","593259","None","Post","real",5.83333333333333
"715","593259","None","Pre","artificial",2.83333333333333
"716","593259","None","Pre","real",4.5
"717","593259","Scam","Post","artificial",3.16666666666667
"718","593259","Scam","Post","real",4.5
"719","593259","Scam","Pre","artificial",2.66666666666667
"720","593259","Scam","Pre","real",3.5
"721","596496","Neutral","Post","artificial",2.5
"722","596496","Neutral","Post","real",6.5
"723","596496","Neutral","Pre","artificial",3
"724","596496","Neutral","Pre","real",6
"725","596496","None","Post","artificial",0.833333333333333
"726","596496","None","Post","real",6.83333333333333
"727","596496","None","Pre","artificial",4.83333333333333
"728","596496","None","Pre","real",6.5
"729","596496","Scam","Post","artificial",1.66666666666667
"730","596496","Scam","Post","real",4.66666666666667
"731","596496","Scam","Pre","artificial",1.66666666666667
"732","596496","Scam","Pre","real",4.16666666666667
"733","598033","Neutral","Post","artificial",5.66666666666667
"734","598033","Neutral","Post","real",4.66666666666667
"735","598033","Neutral","Pre","artificial",5.66666666666667
"736","598033","Neutral","Pre","real",4.66666666666667
"737","598033","None","Post","artificial",6
"738","598033","None","Post","real",5.5
"739","598033","None","Pre","artificial",5.83333333333333
"740","598033","None","Pre","real",6.5
"741","598033","Scam","Post","artificial",5
"742","598033","Scam","Post","real",6
"743","598033","Scam","Pre","artificial",6.16666666666667
"744","598033","Scam","Pre","real",5.83333333333333
"745","604060","Neutral","Post","artificial",0
"746","604060","Neutral","Post","real",5.83333333333333
"747","604060","Neutral","Pre","artificial",1.5
"748","604060","Neutral","Pre","real",5.16666666666667
"749","604060","None","Post","artificial",0
"750","604060","None","Post","real",2.16666666666667
"751","604060","None","Pre","artificial",1.5
"752","604060","None","Pre","real",4.66666666666667
"753","604060","Scam","Post","artificial",0
"754","604060","Scam","Post","real",0.666666666666667
"755","604060","Scam","Pre","artificial",1
"756","604060","Scam","Pre","real",5.33333333333333
"757","605061","Neutral","Post","artificial",2.16666666666667
"758","605061","Neutral","Post","real",3.16666666666667
"759","605061","Neutral","Pre","artificial",2.33333333333333
"760","605061","Neutral","Pre","real",5.66666666666667
"761","605061","None","Post","artificial",4.5
"762","605061","None","Post","real",3.83333333333333
"763","605061","None","Pre","artificial",6.16666666666667
"764","605061","None","Pre","real",4.83333333333333
"765","605061","Scam","Post","artificial",2.5
"766","605061","Scam","Post","real",3.5
"767","605061","Scam","Pre","artificial",4.16666666666667
"768","605061","Scam","Pre","real",5
"769","629998","Neutral","Post","artificial",3
"770","629998","Neutral","Post","real",3.5
"771","629998","Neutral","Pre","artificial",3.33333333333333
"772","629998","Neutral","Pre","real",3.83333333333333
"773","629998","None","Post","artificial",3.83333333333333
"774","629998","None","Post","real",3.16666666666667
"775","629998","None","Pre","artificial",4.33333333333333
"776","629998","None","Pre","real",4.16666666666667
"777","629998","Scam","Post","artificial",2.16666666666667
"778","629998","Scam","Post","real",2.5
"779","629998","Scam","Pre","artificial",3.33333333333333
"780","629998","Scam","Pre","real",3.5
"781","650573","Neutral","Post","artificial",4
"782","650573","Neutral","Post","real",5.66666666666667
"783","650573","Neutral","Pre","artificial",2.66666666666667
"784","650573","Neutral","Pre","real",4.33333333333333
"785","650573","None","Post","artificial",4.66666666666667
"786","650573","None","Post","real",4.5
"787","650573","None","Pre","artificial",4.5
"788","650573","None","Pre","real",5.33333333333333
"789","650573","Scam","Post","artificial",2.66666666666667
"790","650573","Scam","Post","real",3.33333333333333
"791","650573","Scam","Pre","artificial",2.66666666666667
"792","650573","Scam","Pre","real",3.66666666666667
"793","651013","Neutral","Post","artificial",4.66666666666667
"794","651013","Neutral","Post","real",4.83333333333333
"795","651013","Neutral","Pre","artificial",3.16666666666667
"796","651013","Neutral","Pre","real",3.66666666666667
"797","651013","None","Post","artificial",5.33333333333333
"798","651013","None","Post","real",5.66666666666667
"799","651013","None","Pre","artificial",5.66666666666667
"800","651013","None","Pre","real",6
"801","651013","Scam","Post","artificial",3.6
"802","651013","Scam","Post","real",6.16666666666667
"803","651013","Scam","Pre","artificial",3.66666666666667
"804","651013","Scam","Pre","real",7.16666666666667
"805","672115","Neutral","Post","artificial",3.33333333333333
"806","672115","Neutral","Post","real",4.83333333333333
"807","672115","Neutral","Pre","artificial",5
"808","672115","Neutral","Pre","real",5.83333333333333
"809","672115","None","Post","artificial",3.16666666666667
"810","672115","None","Post","real",6.16666666666667
"811","672115","None","Pre","artificial",4.2
"812","672115","None","Pre","real",6.5
"813","672115","Scam","Post","artificial",3.5
"814","672115","Scam","Post","real",5.83333333333333
"815","672115","Scam","Pre","artificial",3.83333333333333
"816","672115","Scam","Pre","real",6.66666666666667
"817","678280","Neutral","Post","artificial",2.66666666666667
"818","678280","Neutral","Post","real",4.66666666666667
"819","678280","Neutral","Pre","artificial",1.5
"820","678280","Neutral","Pre","real",3.16666666666667
"821","678280","None","Post","artificial",1
"822","678280","None","Post","real",2.2
"823","678280","None","Pre","artificial",2.33333333333333
"824","678280","None","Pre","real",3.33333333333333
"825","678280","Scam","Post","artificial",1.66666666666667
"826","678280","Scam","Post","real",1.33333333333333
"827","678280","Scam","Pre","artificial",1.5
"828","678280","Scam","Pre","real",2.5
"829","699511","Neutral","Post","artificial",2.66666666666667
"830","699511","Neutral","Post","real",3.5
"831","699511","Neutral","Pre","artificial",3
"832","699511","Neutral","Pre","real",2.66666666666667
"833","699511","None","Post","artificial",3.5
"834","699511","None","Post","real",3.5
"835","699511","None","Pre","artificial",3
"836","699511","None","Pre","real",2.66666666666667
"837","699511","Scam","Post","artificial",3.33333333333333
"838","699511","Scam","Post","real",3.83333333333333
"839","699511","Scam","Pre","artificial",3
"840","699511","Scam","Pre","real",3
"841","701931","Neutral","Post","artificial",1.83333333333333
"842","701931","Neutral","Post","real",3.16666666666667
"843","701931","Neutral","Pre","artificial",2.5
"844","701931","Neutral","Pre","real",3.5
"845","701931","None","Post","artificial",1.83333333333333
"846","701931","None","Post","real",2.16666666666667
"847","701931","None","Pre","artificial",2.5
"848","701931","None","Pre","real",3.83333333333333
"849","701931","Scam","Post","artificial",2.16666666666667
"850","701931","Scam","Post","real",2.16666666666667
"851","701931","Scam","Pre","artificial",2.16666666666667
"852","701931","Scam","Pre","real",3.2
"853","703548","Neutral","Post","artificial",0
"854","703548","Neutral","Post","real",2.33333333333333
"855","703548","Neutral","Pre","artificial",2.5
"856","703548","Neutral","Pre","real",1
"857","703548","None","Post","artificial",0
"858","703548","None","Post","real",4.83333333333333
"859","703548","None","Pre","artificial",2.33333333333333
"860","703548","None","Pre","real",2.66666666666667
"861","703548","Scam","Post","artificial",0.833333333333333
"862","703548","Scam","Post","real",3.16666666666667
"863","703548","Scam","Pre","artificial",2.66666666666667
"864","703548","Scam","Pre","real",4.33333333333333
"865","752215","Neutral","Post","artificial",6.83333333333333
"866","752215","Neutral","Post","real",8
"867","752215","Neutral","Pre","artificial",3.66666666666667
"868","752215","Neutral","Pre","real",7.33333333333333
"869","752215","None","Post","artificial",3.5
"870","752215","None","Post","real",3
"871","752215","None","Pre","artificial",3
"872","752215","None","Pre","real",6.33333333333333
"873","752215","Scam","Post","artificial",3.5
"874","752215","Scam","Post","real",0.666666666666667
"875","752215","Scam","Pre","artificial",4
"876","752215","Scam","Pre","real",6.66666666666667
"877","761707","Neutral","Post","artificial",6.33333333333333
"878","761707","Neutral","Post","real",5.33333333333333
"879","761707","Neutral","Pre","artificial",4.83333333333333
"880","761707","Neutral","Pre","real",3
"881","761707","None","Post","artificial",3.83333333333333
"882","761707","None","Post","real",6.5
"883","761707","None","Pre","artificial",5
"884","761707","None","Pre","real",3.83333333333333
"885","761707","Scam","Post","artificial",6.33333333333333
"886","761707","Scam","Post","real",3.66666666666667
"887","761707","Scam","Pre","artificial",4.66666666666667
"888","761707","Scam","Pre","real",5.66666666666667
"889","766655","Neutral","Post","artificial",4.83333333333333
"890","766655","Neutral","Post","real",4.5
"891","766655","Neutral","Pre","artificial",4.16666666666667
"892","766655","Neutral","Pre","real",4
"893","766655","None","Post","artificial",5.5
"894","766655","None","Post","real",3.5
"895","766655","None","Pre","artificial",5
"896","766655","None","Pre","real",5
"897","766655","Scam","Post","artificial",3.16666666666667
"898","766655","Scam","Post","real",2.66666666666667
"899","766655","Scam","Pre","artificial",4.33333333333333
"900","766655","Scam","Pre","real",4.83333333333333
"901","776792","Neutral","Post","artificial",4.33333333333333
"902","776792","Neutral","Post","real",6.16666666666667
"903","776792","Neutral","Pre","artificial",3.83333333333333
"904","776792","Neutral","Pre","real",5
"905","776792","None","Post","artificial",4.33333333333333
"906","776792","None","Post","real",6.83333333333333
"907","776792","None","Pre","artificial",4.33333333333333
"908","776792","None","Pre","real",4.66666666666667
"909","776792","Scam","Post","artificial",6.5
"910","776792","Scam","Post","real",5.83333333333333
"911","776792","Scam","Pre","artificial",3.16666666666667
"912","776792","Scam","Pre","real",4.66666666666667
"913","784447","Neutral","Post","artificial",4.16666666666667
"914","784447","Neutral","Post","real",4.5
"915","784447","Neutral","Pre","artificial",3.5
"916","784447","Neutral","Pre","real",4.66666666666667
"917","784447","None","Post","artificial",3.66666666666667
"918","784447","None","Post","real",5.33333333333333
"919","784447","None","Pre","artificial",3.33333333333333
"920","784447","None","Pre","real",5.16666666666667
"921","784447","Scam","Post","artificial",3.83333333333333
"922","784447","Scam","Post","real",2.5
"923","784447","Scam","Pre","artificial",3.33333333333333
"924","784447","Scam","Pre","real",4.5
"925","797770","Neutral","Post","artificial",5.5
"926","797770","Neutral","Post","real",6.83333333333333
"927","797770","Neutral","Pre","artificial",5
"928","797770","Neutral","Pre","real",6.33333333333333
"929","797770","None","Post","artificial",6.16666666666667
"930","797770","None","Post","real",6.5
"931","797770","None","Pre","artificial",6.5
"932","797770","None","Pre","real",6.5
"933","797770","Scam","Post","artificial",6.16666666666667
"934","797770","Scam","Post","real",5.83333333333333
"935","797770","Scam","Pre","artificial",6.5
"936","797770","Scam","Pre","real",5.83333333333333
"937","804333","Neutral","Post","artificial",4.83333333333333
"938","804333","Neutral","Post","real",4.16666666666667
"939","804333","Neutral","Pre","artificial",7.33333333333333
"940","804333","Neutral","Pre","real",2.66666666666667
"941","804333","None","Post","artificial",4.33333333333333
"942","804333","None","Post","real",5
"943","804333","None","Pre","artificial",4.33333333333333
"944","804333","None","Pre","real",6.33333333333333
"945","804333","Scam","Post","artificial",3.33333333333333
"946","804333","Scam","Post","real",0.666666666666667
"947","804333","Scam","Pre","artificial",6
"948","804333","Scam","Pre","real",4.33333333333333
"949","806441","Neutral","Post","artificial",4.66666666666667
"950","806441","Neutral","Post","real",6.33333333333333
"951","806441","Neutral","Pre","artificial",4
"952","806441","Neutral","Pre","real",4.83333333333333
"953","806441","None","Post","artificial",5.16666666666667
"954","806441","None","Post","real",4.66666666666667
"955","806441","None","Pre","artificial",5.16666666666667
"956","806441","None","Pre","real",4.5
"957","806441","Scam","Post","artificial",4.16666666666667
"958","806441","Scam","Post","real",4
"959","806441","Scam","Pre","artificial",4.16666666666667
"960","806441","Scam","Pre","real",5.33333333333333
"961","815896","Neutral","Post","artificial",4.5
"962","815896","Neutral","Post","real",5.66666666666667
"963","815896","Neutral","Pre","artificial",3.83333333333333
"964","815896","Neutral","Pre","real",5.33333333333333
"965","815896","None","Post","artificial",1.16666666666667
"966","815896","None","Post","real",6.66666666666667
"967","815896","None","Pre","artificial",3.83333333333333
"968","815896","None","Pre","real",6.5
"969","815896","Scam","Post","artificial",1.66666666666667
"970","815896","Scam","Post","real",2.33333333333333
"971","815896","Scam","Pre","artificial",3.66666666666667
"972","815896","Scam","Pre","real",5.83333333333333
"973","821820","Neutral","Post","artificial",0.166666666666667
"974","821820","Neutral","Post","real",5.66666666666667
"975","821820","Neutral","Pre","artificial",2.33333333333333
"976","821820","Neutral","Pre","real",6.16666666666667
"977","821820","None","Post","artificial",0
"978","821820","None","Post","real",3.66666666666667
"979","821820","None","Pre","artificial",2.5
"980","821820","None","Pre","real",3.16666666666667
"981","821820","Scam","Post","artificial",0.5
"982","821820","Scam","Post","real",2.83333333333333
"983","821820","Scam","Pre","artificial",2.83333333333333
"984","821820","Scam","Pre","real",4.83333333333333
"985","824983","Neutral","Post","artificial",1
"986","824983","Neutral","Post","real",5
"987","824983","Neutral","Pre","artificial",0
"988","824983","Neutral","Pre","real",5.16666666666667
"989","824983","None","Post","artificial",1.83333333333333
"990","824983","None","Post","real",7.5
"991","824983","None","Pre","artificial",0
"992","824983","None","Pre","real",7.83333333333333
"993","824983","Scam","Post","artificial",0.833333333333333
"994","824983","Scam","Post","real",4.83333333333333
"995","824983","Scam","Pre","artificial",0
"996","824983","Scam","Pre","real",4.83333333333333
"997","825683","Neutral","Post","artificial",2.5
"998","825683","Neutral","Post","real",4
"999","825683","Neutral","Pre","artificial",3
"1000","825683","Neutral","Pre","real",4.66666666666667
"1001","825683","None","Post","artificial",1.66666666666667
"1002","825683","None","Post","real",4.16666666666667
"1003","825683","None","Pre","artificial",3.33333333333333
"1004","825683","None","Pre","real",4.5
"1005","825683","Scam","Post","artificial",2.66666666666667
"1006","825683","Scam","Post","real",3.33333333333333
"1007","825683","Scam","Pre","artificial",2.83333333333333
"1008","825683","Scam","Pre","real",4.5
"1009","841108","Neutral","Post","artificial",5.16666666666667
"1010","841108","Neutral","Post","real",5.66666666666667
"1011","841108","Neutral","Pre","artificial",5.16666666666667
"1012","841108","Neutral","Pre","real",5
"1013","841108","None","Post","artificial",4.83333333333333
"1014","841108","None","Post","real",5.33333333333333
"1015","841108","None","Pre","artificial",5.33333333333333
"1016","841108","None","Pre","real",5.5
"1017","841108","Scam","Post","artificial",4.33333333333333
"1018","841108","Scam","Post","real",4.5
"1019","841108","Scam","Pre","artificial",4.33333333333333
"1020","841108","Scam","Pre","real",5.33333333333333
"1021","854508","Neutral","Post","artificial",4.5
"1022","854508","Neutral","Post","real",5.33333333333333
"1023","854508","Neutral","Pre","artificial",2.33333333333333
"1024","854508","Neutral","Pre","real",4.5
"1025","854508","None","Post","artificial",4.83333333333333
"1026","854508","None","Post","real",4.33333333333333
"1027","854508","None","Pre","artificial",1.83333333333333
"1028","854508","None","Pre","real",3.83333333333333
"1029","854508","Scam","Post","artificial",4
"1030","854508","Scam","Post","real",3.66666666666667
"1031","854508","Scam","Pre","artificial",2.33333333333333
"1032","854508","Scam","Pre","real",2.16666666666667
"1033","854895","Neutral","Post","artificial",4.33333333333333
"1034","854895","Neutral","Post","real",5.66666666666667
"1035","854895","Neutral","Pre","artificial",5
"1036","854895","Neutral","Pre","real",4.83333333333333
"1037","854895","None","Post","artificial",4.83333333333333
"1038","854895","None","Post","real",4.5
"1039","854895","None","Pre","artificial",5
"1040","854895","None","Pre","real",5.33333333333333
"1041","854895","Scam","Post","artificial",3.66666666666667
"1042","854895","Scam","Post","real",3.83333333333333
"1043","854895","Scam","Pre","artificial",6.16666666666667
"1044","854895","Scam","Pre","real",3.16666666666667
"1045","870305","Neutral","Post","artificial",1.83333333333333
"1046","870305","Neutral","Post","real",5
"1047","870305","Neutral","Pre","artificial",3.16666666666667
"1048","870305","Neutral","Pre","real",4.66666666666667
"1049","870305","None","Post","artificial",2
"1050","870305","None","Post","real",5
"1051","870305","None","Pre","artificial",3.33333333333333
"1052","870305","None","Pre","real",5.16666666666667
"1053","870305","Scam","Post","artificial",2
"1054","870305","Scam","Post","real",4.66666666666667
"1055","870305","Scam","Pre","artificial",3.33333333333333
"1056","870305","Scam","Pre","real",5.33333333333333
"1057","877512","Neutral","Post","artificial",3.33333333333333
"1058","877512","Neutral","Post","real",3.33333333333333
"1059","877512","Neutral","Pre","artificial",3
"1060","877512","Neutral","Pre","real",3.16666666666667
"1061","877512","None","Post","artificial",1.66666666666667
"1062","877512","None","Post","real",8.33333333333333
"1063","877512","None","Pre","artificial",2.16666666666667
"1064","877512","None","Pre","real",6.83333333333333
"1065","877512","Scam","Post","artificial",5
"1066","877512","Scam","Post","real",1.66666666666667
"1067","877512","Scam","Pre","artificial",3.5
"1068","877512","Scam","Pre","real",1.2
"1069","886554","Neutral","Post","artificial",4
"1070","886554","Neutral","Post","real",5.66666666666667
"1071","886554","Neutral","Pre","artificial",5.16666666666667
"1072","886554","Neutral","Pre","real",5.83333333333333
"1073","886554","None","Post","artificial",4.83333333333333
"1074","886554","None","Post","real",6.16666666666667
"1075","886554","None","Pre","artificial",5.5
"1076","886554","None","Pre","real",6.83333333333333
"1077","886554","Scam","Post","artificial",5
"1078","886554","Scam","Post","real",5.5
"1079","886554","Scam","Pre","artificial",5.66666666666667
"1080","886554","Scam","Pre","real",5.5
"1081","886833","Neutral","Post","artificial",4.5
"1082","886833","Neutral","Post","real",5
"1083","886833","Neutral","Pre","artificial",3.66666666666667
"1084","886833","Neutral","Pre","real",4.16666666666667
"1085","886833","None","Post","artificial",4.33333333333333
"1086","886833","None","Post","real",4
"1087","886833","None","Pre","artificial",3.66666666666667
"1088","886833","None","Pre","real",3.5
"1089","886833","Scam","Post","artificial",3.66666666666667
"1090","886833","Scam","Post","real",2.33333333333333
"1091","886833","Scam","Pre","artificial",3.16666666666667
"1092","886833","Scam","Pre","real",3.33333333333333
"1093","894292","Neutral","Post","artificial",6
"1094","894292","Neutral","Post","real",5.33333333333333
"1095","894292","Neutral","Pre","artificial",5.16666666666667
"1096","894292","Neutral","Pre","real",5
"1097","894292","None","Post","artificial",4.83333333333333
"1098","894292","None","Post","real",6.33333333333333
"1099","894292","None","Pre","artificial",4.5
"1100","894292","None","Pre","real",4.5
"1101","894292","Scam","Post","artificial",7.33333333333333
"1102","894292","Scam","Post","real",6.4
"1103","894292","Scam","Pre","artificial",4.16666666666667
"1104","894292","Scam","Pre","real",4.83333333333333
"1105","899688","Neutral","Post","artificial",5.33333333333333
"1106","899688","Neutral","Post","real",6.33333333333333
"1107","899688","Neutral","Pre","artificial",5.83333333333333
"1108","899688","Neutral","Pre","real",5.5
"1109","899688","None","Post","artificial",5.66666666666667
"1110","899688","None","Post","real",6.5
"1111","899688","None","Pre","artificial",5.5
"1112","899688","None","Pre","real",6
"1113","899688","Scam","Post","artificial",6
"1114","899688","Scam","Post","real",5.83333333333333
"1115","899688","Scam","Pre","artificial",6.33333333333333
"1116","899688","Scam","Pre","real",5
"1117","912125","Neutral","Post","artificial",4.16666666666667
"1118","912125","Neutral","Post","real",8
"1119","912125","Neutral","Pre","artificial",5
"1120","912125","Neutral","Pre","real",7
"1121","912125","None","Post","artificial",3.5
"1122","912125","None","Post","real",7.16666666666667
"1123","912125","None","Pre","artificial",5.33333333333333
"1124","912125","None","Pre","real",6.66666666666667
"1125","912125","Scam","Post","artificial",1.83333333333333
"1126","912125","Scam","Post","real",2.33333333333333
"1127","912125","Scam","Pre","artificial",4.83333333333333
"1128","912125","Scam","Pre","real",6
"1129","920910","Neutral","Post","artificial",3.83333333333333
"1130","920910","Neutral","Post","real",6.33333333333333
"1131","920910","Neutral","Pre","artificial",4.66666666666667
"1132","920910","Neutral","Pre","real",3.5
"1133","920910","None","Post","artificial",5.66666666666667
"1134","920910","None","Post","real",5.66666666666667
"1135","920910","None","Pre","artificial",6.5
"1136","920910","None","Pre","real",5
"1137","920910","Scam","Post","artificial",2
"1138","920910","Scam","Post","real",5
"1139","920910","Scam","Pre","artificial",3.5
"1140","920910","Scam","Pre","real",3.83333333333333
"1141","966630","Neutral","Post","artificial",5.2
"1142","966630","Neutral","Post","real",2.66666666666667
"1143","966630","Neutral","Pre","artificial",3.33333333333333
"1144","966630","Neutral","Pre","real",5
"1145","966630","None","Post","artificial",5.66666666666667
"1146","966630","None","Post","real",4.66666666666667
"1147","966630","None","Pre","artificial",2
"1148","966630","None","Pre","real",5.83333333333333
"1149","966630","Scam","Post","artificial",2.16666666666667
"1150","966630","Scam","Post","real",1.33333333333333
"1151","966630","Scam","Pre","artificial",2.66666666666667
"1152","966630","Scam","Pre","real",5.66666666666667
